timestamp,model,command,cost,input_files,output_files
2026-01-31T21:02:52.197,,sync,0.0,,
2026-01-31T21:03:14.212,,sync,0.0,,
2026-01-31T21:03:22.321,,sync,0.0,,
2026-01-31T21:03:29.890,,sync,0.0,,
2026-01-31T21:03:37.287,,sync,0.0,,
2026-01-31T21:03:44.767,,sync,0.0,,
2026-01-31T21:03:52.249,,sync,0.0,,
2026-01-31T21:03:59.808,,sync,0.0,,
2026-01-31T21:04:07.306,,sync,0.0,,
2026-01-31T21:04:14.870,,sync,0.0,,
2026-01-31T21:04:22.369,,sync,0.0,,
2026-01-31T21:04:29.970,,sync,0.0,,
2026-01-31T21:04:37.448,,sync,0.0,,
2026-01-31T21:04:44.933,,sync,0.0,,
2026-01-31T21:04:52.486,,sync,0.0,,
2026-01-31T21:05:00.228,,sync,0.0,,
2026-01-31T21:05:07.746,,sync,0.0,,
2026-01-31T21:05:15.293,,sync,0.0,,
2026-01-31T21:05:23.656,,sync,0.0,,
2026-01-31T21:05:31.087,,sync,0.0,,
2026-01-31T21:05:38.372,,sync,0.0,,
2026-01-31T21:05:45.667,,sync,0.0,,
2026-01-31T21:05:53.173,,sync,0.0,,
2026-01-31T21:06:00.707,,sync,0.0,,
2026-01-31T21:06:08.645,,sync,0.0,,
2026-01-31T21:06:16.204,,sync,0.0,,
2026-01-31T21:06:23.850,,sync,0.0,,
2026-01-31T21:06:31.602,,sync,0.0,,
2026-01-31T21:06:52.171,,sync,0.0,,
2026-01-31T21:06:59.945,,sync,0.0,,
2026-01-31T21:07:08.121,,sync,0.0,,
2026-01-31T21:07:16.244,,sync,0.0,,
2026-01-31T21:07:24.121,,sync,0.0,,
2026-01-31T21:07:31.808,,sync,0.0,,
2026-01-31T21:07:39.549,,sync,0.0,,
2026-01-31T21:07:47.412,,sync,0.0,,
2026-01-31T21:07:55.471,,sync,0.0,,
2026-01-31T21:08:03.378,,sync,0.0,,
2026-01-31T21:08:11.162,,sync,0.0,,
2026-01-31T21:08:19.075,,sync,0.0,,
2026-01-31T21:08:26.922,,sync,0.0,,
2026-01-31T21:08:35.574,,sync,0.0,,
2026-01-31T21:08:43.301,,sync,0.0,,
2026-01-31T21:08:50.911,,sync,0.0,,
2026-01-31T21:08:58.554,,sync,0.0,,
2026-01-31T21:09:06.102,,sync,0.0,,
2026-01-31T21:09:13.740,,sync,0.0,,
2026-01-31T21:09:21.110,,sync,0.0,,
2026-01-31T21:09:28.947,,sync,0.0,,
2026-01-31T21:09:36.707,,sync,0.0,,
2026-01-31T21:09:44.493,,sync,0.0,,
2026-01-31T21:09:52.077,,sync,0.0,,
2026-01-31T21:09:59.852,,sync,0.0,,
2026-01-31T21:10:07.656,,sync,0.0,,
2026-01-31T21:10:15.624,,sync,0.0,,
2026-01-31T21:10:29.068,,sync,0.0,,
2026-01-31T21:13:05.790,,sync,0.0,,
2026-01-31T21:13:13.963,,sync,0.0,,
2026-01-31T21:13:21.897,,sync,0.0,,
2026-01-31T21:13:29.841,,sync,0.0,,
2026-01-31T21:13:37.706,,sync,0.0,,
2026-01-31T21:13:45.362,,sync,0.0,,
2026-01-31T21:13:53.180,,sync,0.0,,
2026-01-31T21:14:01.150,,sync,0.0,,
2026-01-31T21:14:08.845,,sync,0.0,,
2026-01-31T21:14:16.809,,sync,0.0,,
2026-01-31T21:14:25.235,,sync,0.0,,
2026-01-31T21:14:33.286,,sync,0.0,,
2026-01-31T21:14:41.236,,sync,0.0,,
2026-01-31T21:14:49.007,,sync,0.0,,
2026-01-31T21:14:56.856,,sync,0.0,,
2026-01-31T21:15:04.606,,sync,0.0,,
2026-01-31T21:15:12.368,,sync,0.0,,
2026-01-31T21:15:20.225,,sync,0.0,,
2026-01-31T21:15:28.034,,sync,0.0,,
2026-01-31T21:15:35.601,,sync,0.0,,
2026-01-31T21:15:43.008,,sync,0.0,,
2026-01-31T21:15:50.821,,sync,0.0,,
2026-01-31T21:15:58.846,,sync,0.0,,
2026-01-31T21:16:06.889,,sync,0.0,,
2026-01-31T21:16:15.332,,sync,0.0,,
2026-01-31T21:16:23.773,,sync,0.0,,
2026-01-31T21:16:31.721,,sync,0.0,,
2026-01-31T21:16:46.229,,sync,0.0,,
2026-01-31T21:17:00.234,,sync,0.0,,
2026-01-31T21:17:48.350,,sync,0.0,,
2026-01-31T21:17:56.249,,sync,0.0,,
2026-01-31T21:18:04.418,,sync,0.0,,
2026-01-31T21:18:12.743,,sync,0.0,,
2026-01-31T21:18:20.715,,sync,0.0,,
2026-01-31T21:18:28.715,,sync,0.0,,
2026-01-31T21:18:36.705,,sync,0.0,,
2026-01-31T21:18:45.313,,sync,0.0,,
2026-01-31T21:18:54.308,,sync,0.0,,
2026-01-31T21:19:02.052,,sync,0.0,,
2026-01-31T21:19:09.861,,sync,0.0,,
2026-01-31T21:19:17.352,,sync,0.0,,
2026-01-31T21:19:25.189,,sync,0.0,,
2026-01-31T21:19:33.356,,sync,0.0,,
2026-01-31T21:19:41.522,,sync,0.0,,
2026-01-31T21:19:49.480,,sync,0.0,,
2026-01-31T21:19:57.592,,sync,0.0,,
2026-01-31T21:20:05.733,,sync,0.0,,
2026-01-31T21:20:14.629,,sync,0.0,,
2026-01-31T21:20:22.505,,sync,0.0,,
2026-01-31T21:20:30.342,,sync,0.0,,
2026-01-31T21:20:38.363,,sync,0.0,,
2026-01-31T21:20:46.514,,sync,0.0,,
2026-01-31T21:20:54.421,,sync,0.0,,
2026-01-31T21:21:02.487,,sync,0.0,,
2026-01-31T21:21:10.384,,sync,0.0,,
2026-01-31T21:21:18.537,,sync,0.0,,
2026-01-31T20:25:15.563,anthropic,generate,8.735315549999997,https://github.com/KartikeyaGoel/pdd_hacks/issues/1,
